﻿<?xml version="1.0" encoding="UTF-8" standalone="yes"?>
<addon id="plugin.program.x11-launcher" name="X11 Launcher" version="0.0.2" provider-name="Zjoasan">
    <requires>
        <import addon="xbmc.python" version="2.1.0"/>
    </requires>
    <extension point="xbmc.python.pluginsource" library="addon.py">
        <provides>executable</provides>
    </extension>
    <extension point="xbmc.addon.metadata">
        <language/>
        <platform>linux</platform>
        <disclaimer>For Kodi linux (tested on OSMC final)</disclaimer>
        <summary lang="en">Launch X11 from Kodi.</summary>
        <description lang="en">Launch X11 from Kodi.</description>
        <website>https://github.com/zjoasan/x11-osmc/</website>
        <email>joakim.s@webbkontakt.net</email>
    </extension>
</addon>
